fips,value
1001,0.5325514511403365
1003,0.465721532090605
1005,0.168137676064426
1007,0.3232540095809349
1009,0.48147609216274284
1011,0.16461512467069295
1013,0.23322114640789016
1015,0.2888040825877388
1017,0.23748260527083953
1019,0.28185600802883864
1021,0.4024084197215244
1023,0.19533701689635435
1025,0.13893426312396795
1027,0.2684705536301856
1029,0.31139372994180176
1031,0.32758766323182376
1033,0.33566113536036735
1035,0.20923621709540846
1037,0.27476171075024775
1039,0.31129766881912097
1041,0.24862499783233857
1043,0.36753665988143447
1045,0.35685867645299774
1047,0.14582161625988097
1049,0.4033065833949232
1051,0.4824824348104573
1053,0.18263812806764107
1055,0.33435575189054517
1057,0.21997103996821438
1059,0.3458389693089701
1061,0.30986463693471383
1063,0.25745653911317223
1065,0.21228980786804072
1067,0.2604359278915299
1069,0.36070936903624107
1071,0.35905406453304656
1073,0.33989865056479357
1075,0.3339826658916586
1077,0.34501048467725265
1079,0.3478053716155772
1081,0.36754646861397
1083,0.407679491313497
1085,0.18193186762339514
1087,0.2002152982654228
1089,0.45636259861304956
1091,0.190807404383465
1093,0.28884330578646256
1095,0.3589073111074648
1097,0.34318449910090904
1099,0.18487205517148295
1101,0.3030987252988237
1103,0.3947498089196921
1105,0.12081922752588117
1107,0.18189120016404917
1109,0.2233570290453444
1111,0.2748473201173875
1113,0.30801263861313877
1115,0.46806942612006863
1117,0.6137588815547123
1119,0.1588721930311301
1121,0.2795293794877446
1123,0.32827841518798473
1125,0.3674209490418257
1127,0.30864306946030956
1129,0.30608894335561615
1131,0.09766552674918828
1133,0.2738116495120895
2013,0.6350618221281819
2016,0.6958508623790987
2020,0.660342216204019
2050,0.46010234629121166
2060,0.8578534521809107
2068,0.7681569424959
2070,0.45722071220168914
2090,0.6705863471495325
2100,0.6317736023431894
2105,0.38139504859748924
2110,0.7804863276276792
2122,0.47657138055838083
2130,0.6006377165712669
2150,0.6996490099101135
2164,0.4920425969019429
2170,0.5893555631506451
2180,0.4178737786960063
2185,0.7972884502814025
2188,0.5263332364227822
2195,0.6400440262210745
2198,0.5401167038902505
2220,0.5674434773994297
2230,0.8451049273033987
2240,0.4952592036493637
2261,0.567511233890314
2270,0.49963542501340413
2275,0.36230454748606267
2282,0.8256875672338397
2290,0.3192659990818326
4001,0.19643129501265622
4003,0.3147828829351247
4005,0.42524187636216293
4007,0.357472353249398
4009,0.3781038647563461
4011,0.6083221293289068
4012,0.3491396596639123
4013,0.4881834962483798
4015,0.38319569405000736
4017,0.23870297203890686
4019,0.37556472613095204
4021,0.5199296145014083
4023,0.3292039971025356
4025,0.39707092815529466
4027,0.4121711847932903
5001,0.4235738861275257
5003,0.31980521859357
5005,0.3612566399432072
5007,0.5906936189302894
5009,0.4129825305406752
5011,0.22553657717828401
5013,0.3571270856978294
5015,0.43111602923427605
5017,0.11101419554958457
5019,0.24335889415736747
5021,0.3273810370028597
5023,0.3273297770629625
5025,0.36753478553322283
5027,0.18703479948587523
5029,0.29946195481106114
5031,0.364131541988758
5033,0.45172536596258545
5035,0.3178712663068236
5037,0.36442515455710794
5039,0.21837398139543654
5041,0.24108543983688432
5043,0.19903553134777363
5045,0.5006811692783804
5047,0.34400210324171515
5049,0.3476431001056235
5051,0.2907896868889966
5053,0.5102030057351207
5055,0.3665908498431201
5057,0.3346429453584695
5059,0.38698760603488336
5061,0.40520955173075807
5063,0.360525960172949
5065,0.26365988421729025
5067,0.21654014554916023
5069,0.23138174168358816
5071,0.40906165437421727
5073,0.18459766187426563
5075,0.3259797178339494
5077,0.04424707527114423
5079,0.10635550430634434
5081,0.40816323313054925
5083,0.39284767810397186
5085,0.543982482481427
5087,0.38443215210830517
5089,0.3419012652951212
5091,0.33501042278899756
5093,0.24311559265163413
5095,0.16757477969367107
5097,0.302433667129277
5099,0.2586287206854363
5101,0.2874820214297283
5103,0.2841833071301917
5105,0.3821143157097583
5107,0.22238769419580628
5109,0.2936773820034489
5111,0.2692490986425375
5113,0.347446592365225
5115,0.42885009996898354
5117,0.3192651662721276
5119,0.3944493713593659
5121,0.29127736321527925
5123,0.181696953761477
5125,0.572941928350099
5127,0.366305377964292
5129,0.2311288212421641
5131,0.37971121212123116
5133,0.46471778291893684
5135,0.3157277064171864
5137,0.24810933118619188
5139,0.2524758343302849
5141,0.2804824174595883
5143,0.4260973960663342
5145,0.3836706286911614
5147,0.19626620532760086
5149,0.33393922021923844
6001,0.3994700807200945
6003,0.3512323997449685
6005,0.2944180906352604
6007,0.32380428450991877
6009,0.4093843600602198
6011,0.5175338675576262
6013,0.49093270130978467
6015,0.1340817744532012
6017,0.5085609344668575
6019,0.3372937409029527
6021,0.326212644584738
6023,0.383547710891029
6025,0.2303454687623926
6027,0.3823371613343202
6029,0.3483943164981677
6031,0.3836529317975874
6033,0.27300054667938045
6035,0.28939051480713107
6037,0.37693696691936324
6039,0.37899656022258893
6041,0.3952253178002763
6043,0.3086869230244232
6045,0.3437436358691838
6047,0.37102065002119733
6049,0.2647066904749228
6051,0.7871381520630578
6053,0.4337931159594302
6055,0.4744373722122739
6057,0.4357594092478746
6059,0.5212168587892309
6061,0.5361122170160287
6063,0.31088336776842246
6065,0.4563449559828805
6067,0.4254898956274226
6069,0.5658727017588479
6071,0.44382867091498984
6073,0.45267544639494567
6075,0.2535882645531451
6077,0.39856678681766894
6079,0.3900033229845519
6081,0.5475343871111271
6083,0.39653450049771855
6085,0.499857716695557
6087,0.40514357937089684
6089,0.3631265682467628
6091,0.24534024217219993
6093,0.30784890269446064
6095,0.4826480737694829
6097,0.46534741813859865
6099,0.40079725609571576
6101,0.3941025425567826
6103,0.39366622979368426
6105,0.29457092732256307
6107,0.3931932846674889
6109,0.29578633499315204
6111,0.5257456209067051
6113,0.37609034122489843
6115,0.44350572134339294
8001,0.6208011224078921
8003,0.2598194531706225
8005,0.5620147570087202
8007,0.5044384775246694
8009,0.3338485101900961
8011,0.16325534127412178
8013,0.48845564367298494
8014,0.7158661929315243
8015,0.4735606093813329
8017,0.5650493051815602
8019,0.5603782225813744
8021,0.32243726677160023
8023,0.17816784955929457
8025,0.18078370690038334
8027,0.3800250548251095
8029,0.3377351118778005
8031,0.3640402240575681
8033,0.3628955128348121
8035,0.9385955567470515
8037,0.8224824102061888
8039,0.8267868423516053
8041,0.5542397248946118
8043,0.2899141692535234
8045,0.6614817851341676
8047,0.6107498479488871
8049,0.8239233790669306
8051,0.6113275561571644
8053,0.5603816114574042
8055,0.23800692041041863
8057,0.6566816713169122
8059,0.581651446504433
8061,0.41333762649311284
8063,0.4042629165298649
8065,0.6518054941220368
8067,0.5800807380740163
8069,0.5187048487304947
8071,0.2447466889265192
8073,0.22044575914887507
8075,0.37199800339689654
8077,0.4516323840146448
8079,0.3534510531414564
8081,0.5501681355860981
8083,0.42488579128330095
8085,0.44115941258413327
8087,0.5291368904375391
8089,0.3333407939751
8091,0.7142059068763976
8093,0.6273572763594947
8095,0.45564747118083043
8097,0.6996013975905916
8099,0.2812752886361636
8101,0.3345874488069003
8103,0.6200183861814341
8105,0.41699451359174383
8107,0.7674211105714622
8109,0.4217105859498191
8111,0.6406057044568483
8113,0.7700596952613744
8115,0.3527274777921689
8117,0.843126510642086
8119,0.5949157165313078
8121,0.4649361816224835
8123,0.5237291828467876
8125,0.5925161786957883
9001,0.3922876891050358
9003,0.37826968223343344
9005,0.5538196736790186
9007,0.5316579575837309
9009,0.36461386277973007
9011,0.48527449023807784
9013,0.5986444176332324
9015,0.4317723445618939
10001,0.5125104222000093
10003,0.47304823270643237
10005,0.4357811178325237
11001,0.21317319685919212
12001,0.2758074854521887
12003,0.4296265210162191
12005,0.45661262787930346
12007,0.28994875560737754
12009,0.40158890608008335
12011,0.4318228537600574
12013,0.2826787524750788
12015,0.3473417003160883
12017,0.3141416703153281
12019,0.6105105360423941
12021,0.4149110348859132
12023,0.35417650463287587
12027,0.37548347333460974
12029,0.32839078382857545
12031,0.440866854920791
12033,0.3883642110276312
12035,0.4390753699813062
12037,0.12819468091329295
12039,0.2452519141527069
12041,0.20446982233444788
12043,0.37163641519946805
12045,0.24821519285093044
12047,0.193723356119592
12049,0.3437313804057949
12051,0.3194891067005378
12053,0.3939450097486556
12055,0.335862661546331
12057,0.4325178562085154
12059,0.233799582100119
12061,0.3076528530313586
12063,0.24324842028770396
12065,0.23822858706760972
12067,0.2763353296242521
12069,0.43421772683532517
12071,0.40756545235046227
12073,0.3294026632504324
12075,0.31311354810778247
12077,0.18279037836595854
12079,0.2807802809412376
12081,0.3920011211567957
12083,0.35174395612242626
12085,0.3155445912993848
12086,0.3097982523566215
12087,0.4419046930704325
12089,0.5103285104903189
12091,0.5191241381142149
12093,0.2629848665135244
12095,0.4894822033837149
12097,0.5394734808951185
12099,0.3611509566033558
12101,0.39456314329601416
12103,0.3592211486341581
12105,0.42925941763753733
12107,0.265788407137361
12109,0.48393647835899506
12111,0.4004404140840736
12113,0.5438080655066362
12115,0.351756902846297
12117,0.5691515742706246
12119,0.34250326692893407
12121,0.32791776332574274
12123,0.2928331358987812
12125,0.4073243957750277
12127,0.3574005518479545
12129,0.47102385836962407
12131,0.37973502958811844
12133,0.283194928442845
13001,0.29398121346251516
13003,0.31469395335383005
13005,0.19126920593333516
13007,0.14979454062721836
13009,0.16702182901884724
13011,0.4590331991107774
13013,0.6694904776953751
13015,0.4914182538837521
13017,0.17798198102281446
13019,0.33333851524272395
13021,0.24415938201989656
13023,0.12943085483719904
13025,0.3759733972888813
13027,0.26274205024042113
13029,0.6098032931940597
13031,0.23418344800755275
13033,0.23119018374616085
13035,0.3951664450631094
13037,0.09118550405225241
13039,0.535264073304562
13043,0.27132434179897036
13045,0.37281686057987934
13047,0.5120855552027642
13049,0.2652437133807485
13051,0.38790279148681245
13053,0.8158397030115948
13055,0.3097366286786247
13057,0.6534878697257215
13059,0.1889778398814289
13061,0.21169718224370151
13063,0.5162517214386939
13065,0.18965782469857725
13067,0.5531436138559188
13069,0.31449506469782196
13071,0.29825892001299803
13073,0.6852901928757265
13075,0.36591760246607097
13077,0.6068030038846856
13079,0.3985222846623068
13081,0.18743741356065755
13083,0.4195221988061425
13085,0.515353196885081
13087,0.2364214409237399
13089,0.4300989786949292
13091,0.19170718566604766
13093,0.16477853660515568
13095,0.2103109213472539
13097,0.5916922461593859
13099,0.20995345205924384
13101,0.46038951559676006
13103,0.6291141671105562
13105,0.3460339304128337
13107,0.2428842091203306
13109,0.2857387603863859
13111,0.26930487376004386
13113,0.639193857932126
13115,0.3141587413338527
13117,0.7166409788262078
13119,0.2805178666577646
13121,0.3388676588236188
13123,0.4288448764365272
13125,0.3631227031817672
13127,0.35088717705460526
13129,0.4184618019688876
13131,0.2480964923113168
13133,0.2382168611571578
13135,0.6412074792699083
13137,0.3740636059838951
13139,0.5106744797663005
13141,0.11962563688802434
13143,0.27793348376631344
13145,0.49016647699674726
13147,0.22541196390850826
13149,0.3070748132166219
13151,0.6987668295294099
13153,0.5472438138209991
13155,0.23752152143200586
13157,0.4658921358057929
13159,0.4685212216025857
13161,0.39297287814031695
13163,0.2259504715931596
13165,0.22449043415003642
13167,0.12875021252217417
13169,0.5060860558072015
13171,0.3380502281855882
13173,0.287523362808584
13175,0.2242488183298535
13177,0.5619984400533793
13179,0.5674612513538057
13181,0.29543413112139144
13183,0.5377644838516867
13185,0.35364217137442605
13187,0.3816053231989293
13189,0.292616933173908
13191,0.3607870889271343
13193,0.17188917772648385
13195,0.48654558496739964
13197,0.2955760668139099
13199,0.3620182937213403
13201,0.25665058463884305
13205,0.1762431305034189
13207,0.3378821980853547
13209,0.28500907925404745
13211,0.4555940915684217
13213,0.41720780619769
13215,0.33347022520852143
13217,0.5332279309299514
13219,0.6124473872662041
13221,0.4601635765090973
13223,0.7538690681596086
13225,0.34304349081249585
13227,0.4696918457899577
13229,0.38653725835280356
13231,0.5747592160678172
13233,0.3967459898820797
13235,0.26917697257114165
13237,0.40639831926675596
13239,0.2987068240909209
13241,0.26624331376175364
13243,0.26610539925330967
13245,0.28907388878689244
13247,0.5576757101192905
13249,0.2952397859841291
13251,0.2223530029830728
13253,0.24624183073048778
13255,0.2945521109610808
13257,0.4234189951719797
13259,0.027398498177267257
13261,0.18503260936958613
13263,0.2800585963060345
13265,0.22766472352594141
13267,0.17765898477640438
13269,0.18254566775361772
13271,0.070429254453168
13273,0.17743229882399966
13275,0.2161999229286191
13277,0.2252792075174052
13279,0.2109277972421098
13281,0.3295913241210267
13283,0.14787505758483466
13285,0.28830218074047037
13287,0.1383624031850576
13289,0.14323090976272784
13291,0.28471332351462486
13293,0.34258450824801173
13295,0.3473125598714765
13297,0.48410235408393354
13299,0.1894946214289738
13301,0.15294547090692576
13303,0.18054247396560344
13305,0.2923575632277182
13307,0.22866254468055022
13309,0.08896745730745692
13311,0.43791406957106843
13313,0.4533445260185856
13315,0.11677461265851302
13317,0.17579783023812215
13319,0.3796078885832195
13321,0.3738478288011357
15001,0.373807560382613
15003,0.5492337942653933
15005,0.3389379292004131
15007,0.5093904545462155
15009,0.5416961969000447
16001,0.5619147478636846
16003,0.3732547118544084
16005,0.48671039618718426
16007,0.5021409882175087
16009,0.5385106926052401
16011,0.555252471392147
16013,0.7199755280985422
16015,0.3751818808376685
16017,0.3983881998982787
16019,0.6089526198997057
16021,0.34584233554949273
16023,0.44334440019598903
16025,0.6621683908190171
16027,0.5460131037879321
16029,0.617793454152943
16031,0.4739355311905821
16033,0.7605447111215659
16035,0.39166151943767774
16037,0.3990948670095507
16039,0.6308132455417004
16041,0.7174161924811729
16043,0.5876000821992057
16045,0.42280547676504343
16047,0.5953031910467984
16049,0.4331157404890428
16051,0.7696237655259186
16053,0.5953364340919983
16055,0.5734962508631524
16057,0.44609403115791607
16059,0.28004273516274353
16061,0.4510042637945972
16063,0.6409441546921714
16065,0.5121090643042207
16067,0.6058352452100324
16069,0.491452921177956
16071,0.5227281575765105
16073,0.44235518358486386
16075,0.48879729198411914
16077,0.7602213285277051
16079,0.2853240596983478
16081,0.6671734146885359
16083,0.5743156906128289
16085,0.536662895122957
16087,0.374912602404316
17001,0.4285257181356189
17003,0.16762079826755932
17005,0.29276208551599914
17007,0.599994075329633
17009,0.327169354270856
17011,0.4730835967603389
17013,0.49476008205674527
17015,0.3924229197596489
17017,0.5497804085133885
17019,0.37579090672847903
17021,0.379910986340651
17023,0.4394503474487149
17025,0.3976907792109503
17027,0.48429501082914295
17029,0.3075088743513002
17031,0.36243032008923615
17033,0.3770575217734656
17035,0.46831104390571426
17037,0.4416943219471261
17039,0.43914498653149703
17041,0.5716671379903245
17043,0.6160130727547275
17045,0.2943397173465717
17047,0.4661104569738557
17049,0.5640231680576078
17051,0.3801616687165743
17053,0.41522543969087494
17055,0.3280964782659329
17057,0.37130846469461193
17059,0.29241310448893565
17061,0.4797947367545112
17063,0.6144060120550312
17065,0.3187864777828049
17067,0.4881534725321549
17069,0.14976903649823428
17071,0.43233290884257597
17073,0.5158807414130323
17075,0.4677601869256182
17077,0.1662541980645153
17079,0.6129694852545821
17081,0.3239995386627255
17083,0.5089639476179836
17085,0.5328639662746625
17087,0.24418733950708282
17089,0.5781689632051478
17091,0.3904675008582205
17093,0.9113987058597675
17095,0.29402371605720856
17097,0.5472041333233475
17099,0.40986297177233916
17101,0.3469650215128649
17103,0.4229884279786185
17105,0.41985335200513946
17107,0.28473624780686857
17109,0.25173353681042565
17111,0.7086841768041782
17113,0.5015539652742931
17115,0.3523769180264454
17117,0.4724482132401384
17119,0.4349487930018553
17121,0.33002706730752557
17123,0.49635399604257024
17125,0.334714247918405
17127,0.3374778331608194
17129,0.5518756480682472
17131,0.5616322106889158
17133,0.6428068257385747
17135,0.3340156264042509
17137,0.3843109208929991
17139,0.5237713364034139
17141,0.5273393737799422
17143,0.41824087299405716
17145,0.2970729012833759
17147,0.643684921668346
17149,0.37136546902535333
17151,0.3976763965223181
17153,0.2981555107072899
17155,0.5470618894853001
17157,0.384609999442653
17159,0.34723440226331886
17161,0.44619424319645673
17163,0.36782733733670503
17165,0.2796189353589642
17167,0.4451515272427778
17169,0.5781503384283707
17171,0.4954234259777722
17173,0.5064652955468739
17175,0.5180759820344361
17177,0.4043185639677944
17179,0.5473991100365567
17181,0.3335969372535792
17183,0.3459379928071389
17185,0.42633060117850724
17187,0.4447747339503614
17189,0.5349874602441375
17191,0.4835374927265266
17193,0.30247273648722556
17195,0.4952581869463142
17197,0.6718225365045752
17199,0.3817744348922935
17201,0.3980721391185283
17203,0.572443920341666
18001,0.5769120314303099
18003,0.5310168593227308
18005,0.5350510713396243
18007,0.5338218981346923
18009,0.5081440293678662
18011,0.6181307725637573
18013,0.46327678950383727
18015,0.5747041784917036
18017,0.5323542357676749
18019,0.5000268573133125
18021,0.4578100166182531
18023,0.5061056582528769
18025,0.414201400691364
18027,0.6023136751606712
18029,0.5948400310222792
18031,0.579528563044012
18033,0.5390410415070594
18035,0.3129147672225894
18037,0.6399221787388363
18039,0.5296480653256386
18041,0.3112803385246359
18043,0.4566592904966805
18045,0.5199140097004398
18047,0.6111999734331125
18049,0.4190273687669314
18051,0.5313648031159963
18053,0.3677252171927487
18055,0.41637419160594874
18057,0.7887730126671095
18059,0.6745418891311235
18061,0.49725461125618015
18063,0.7450958900726165
18065,0.37765343935704637
18067,0.37758412491175514
18069,0.5374363066805963
18071,0.5603971279576421
18073,0.6616415137589841
18075,0.5324425770631476
18077,0.4826676826723295
18079,0.5032911606175552
18081,0.6151169342195715
18083,0.3912693752682212
18085,0.5794738663012737
18087,0.6444754468406757
18089,0.39857398446968406
18091,0.38626989678666335
18093,0.3917717533447427
18095,0.3727495423029089
18097,0.4122030321923797
18099,0.502252963536948
18101,0.504222843342514
18103,0.4056098355842853
18105,0.27695052931650566
18107,0.49541544668994
18109,0.5547801591864135
18111,0.518027680958724
18113,0.5495007321229602
18115,0.5671920337973269
18117,0.39848897161233127
18119,0.5185551038451265
18121,0.46364134190424433
18123,0.4057902546586149
18125,0.43963040073634746
18127,0.5626767514305419
18129,0.5819891158409353
18131,0.4292402360462057
18133,0.5337363491035801
18135,0.43922283445978155
18137,0.5358922611385902
18139,0.49910579135638533
18141,0.43022513399756207
18143,0.47953957748016285
18145,0.5382339703828722
18147,0.5422270335833791
18149,0.4917678325836274
18151,0.5791337173600059
18153,0.2535531154320985
18155,0.5303207764731315
18157,0.38121591962953866
18159,0.6121165895315356
18161,0.48793610925769443
18163,0.40428515087328465
18165,0.42812569433445863
18167,0.30086156967197314
18169,0.4615455933544275
18171,0.5343794437609172
18173,0.6554881905899025
18175,0.5194526098137269
18177,0.31240730447959314
18179,0.5846956476986396
18181,0.5691059202130112
18183,0.6384899748690308
19001,0.5313068107546299
19003,0.531224046804691
19005,0.5327983351125978
19007,0.402842568408215
19009,0.44330997071463474
19011,0.6261315113645685
19013,0.4570556216045795
19015,0.5272372733393913
19017,0.6021485461732756
19019,0.6188819080592178
19021,0.5019766851745331
19023,0.6020956381427534
19025,0.4021986800234441
19027,0.5021944167294939
19029,0.5126853098434173
19031,0.6982498465802912
19033,0.45077539326448224
19035,0.46803735236059435
19037,0.5112769046622184
19039,0.4148238948887014
19041,0.5139621140850472
19043,0.5559978255117257
19045,0.4513847405063815
19047,0.5613912627277309
19049,0.6940577487598931
19051,0.5185574528382911
19053,0.3325031308212399
19055,0.6006659398242457
19057,0.45590344134040034
19059,0.46243773983954056
19061,0.5829458707150438
19063,0.4455995606855833
19065,0.5074489889836697
19067,0.4341468091499233
19069,0.5129343217739314
19071,0.49889470816424697
19073,0.4147416661154018
19075,0.66424373007445
19077,0.5211273533660552
19079,0.5062567949585665
19081,0.558872753286929
19083,0.45037877982178726
19085,0.5122708841400975
19087,0.4055005751808013
19089,0.5238939664055596
19091,0.4909365408002712
19093,0.46332907890382946
19095,0.5953905338648543
19097,0.4674506572053718
19099,0.4761773229934421
19101,0.4653604722288153
19103,0.4753305859845367
19105,0.5239678241855847
19107,0.51702994242719
19109,0.5391018008576985
19111,0.44089946351587145
19113,0.5834366466964443
19115,0.6273792128166972
19117,0.4318815824870266
19119,0.698428281681754
19121,0.5717921674919668
19123,0.4343451536022387
19125,0.6197466930776063
19127,0.5488132078078144
19129,0.5785330082220741
19131,0.6047312192691384
19133,0.41625412117153476
19135,0.4305125869924177
19137,0.3516016605958144
19139,0.5076288682839479
19141,0.4924314570467151
19143,0.5614002487227172
19145,0.36076589325082803
19147,0.40244039539486437
19149,0.6802713025149502
19151,0.41659503524474734
19153,0.5640322485348515
19155,0.5017946768410764
19157,0.4729795729789245
19159,0.42535029390567175
19161,0.4988597338555348
19163,0.48740787325067214
19165,0.513551982793641
19167,0.7272796068021293
19169,0.46717474753676763
19171,0.5331711429410588
19173,0.5136587333633715
19175,0.4878991847184692
19177,0.5079419899631924
19179,0.344125248436148
19181,0.6840636112014387
19183,0.5975496132349335
19185,0.38441626999955936
19187,0.35473260093349424
19189,0.46816966155761486
19191,0.5821204898843242
19193,0.5081286754574786
19195,0.5985901908732351
19197,0.5066442488947888
20001,0.4099323899081437
20003,0.46128107416083525
20005,0.4505112110425975
20007,0.5239761461143396
20009,0.532217011159952
20011,0.3588445123286891
20013,0.44000190470972816
20015,0.5472792716449925
20017,0.4001422281733948
20019,0.4482969316562853
20021,0.41927177589372
20023,0.4299725584326927
20025,0.48675800041801187
20027,0.5354355178388873
20029,0.4712249854782871
20031,0.5408431138819618
20033,0.5356203794184843
20035,0.4425180011338457
20037,0.3906091135287384
20039,0.42232676154561943
20041,0.5282369266419543
20043,0.5072692903174892
20045,0.45963304777762026
20047,0.6022326048716287
20049,0.3931228179130353
20051,0.4971894171067087
20053,0.5363398208404375
20055,0.6980728552318156
20057,0.6643577816408219
20059,0.5674191732771142
20061,0.7796474836747336
20063,0.5779611631854905
20065,0.46007510718053446
20067,0.8150412525338281
20069,0.7017388843911381
20071,0.5533322575069785
20073,0.4122619580673233
20075,0.5812295554139302
20077,0.4103988295281159
20079,0.47908898002224437
20081,0.7430146342278244
20083,0.5897716887189223
20085,0.6208344293322285
20087,0.6177405522639372
20089,0.4977244314570875
20091,0.6888598943042512
20093,0.7354781726962998
20095,0.5392175040469672
20097,0.3637427028752637
20099,0.43570270691160795
20101,0.4766901176979821
20103,0.480131437426943
20105,0.531679059516856
20107,0.45855246245873954
20109,0.4076418828927572
20111,0.43346723959451233
20113,0.5884596289476565
20115,0.5401914357785523
20117,0.498074895601378
20119,0.7198297246643697
20121,0.572202458171906
20123,0.5276846589741041
20125,0.3433615082982057
20127,0.508959726075887
20129,0.603712965780562
20131,0.5211826740860216
20133,0.407005770515121
20135,0.5160833598534545
20137,0.4332011766038054
20139,0.5203692758633335
20141,0.40168578764815194
20143,0.7156625655423373
20145,0.44216371505929203
20147,0.6192009538012094
20149,0.6813014177949541
20151,0.4572454857770737
20153,0.4888223060636055
20155,0.4715935088620468
20157,0.4513864336628464
20159,0.5026357248225509
20161,0.48589346277136425
20163,0.4755643159212828
20165,0.4712746930352461
20167,0.432216566343809
20169,0.5458039341019866
20171,0.6001832945047904
20173,0.48729849444151013
20175,0.6647676724153738
20177,0.4417960014808314
20179,0.49816711554226206
20181,0.49537605980190724
20183,0.3996987029925728
20185,0.5458376321119237
20187,0.6130739148438729
20189,0.5387887504184022
20191,0.5096278333947583
20193,0.36525892388240727
20195,0.6515567324942593
20197,0.7017256149683054
20199,0.42055654220659683
20201,0.5027145625400176
20203,0.665475376934699
20205,0.3892176192689971
20207,0.37295137314630017
20209,0.4181083127147227
21001,0.25379824973307546
21003,0.335280684034594
21005,0.6795616279107887
21007,0.3630199049245334
21009,0.24927845342168337
21011,0.2343752200822395
21013,0.10352952542723763
21015,0.6870286602620193
21017,0.3212135562530124
21019,0.237145609229489
21021,0.28917232453727093
21023,0.3912291135604967
21025,0.178827690644475
21027,0.4063347683162141
21029,0.6239408525769041
21031,0.2505187124695272
21033,0.25884762309668174
21035,0.2933199278239526
21037,0.44974989398740295
21039,0.42795698763774975
21041,0.307589649221287
21043,0.32958952245525003
21045,0.2817807314979922
21047,0.458554984693739
21049,0.3759719717461207
21051,0.06336338570663227
21053,0.34900379013419414
21055,0.28985104353903285
21057,0.25159912927945766
21059,0.4129257547254067
21061,0.24808380757196266
21063,0.06822926555778448
21065,0.17651625111910768
21067,0.3525083110118959
21069,0.22271785916968276
21071,0.13165116597442125
21073,0.3700209948019483
21075,0.13062865259149106
21077,0.5008397793934619
21079,0.43242075143070907
21081,0.49614379685691795
21083,0.3077839493805793
21085,0.3094639013089828
21087,0.20922562065040884
21089,0.3204587405799582
21091,0.5098058431494462
21093,0.4863375768903117
21095,0.12736043472560202
21097,0.2820448457068832
21099,0.26907926538060123
21101,0.3438391005005434
21103,0.3989358546402515
21105,0.3634415935927207
21107,0.31530054876858504
21109,0.09073429845152997
21111,0.3742154763868106
21113,0.42294243745618915
21115,0.19133177786310368
21117,0.48763505447208705
21119,0.15518674401839833
21121,0.18298567047131764
21123,0.360992417782658
21125,0.3211441166267759
21127,0.20791709269540953
21129,0.0
21131,0.032391999576475906
21133,0.12376412234438841
21135,0.1604194976633543
21137,0.24700505266812472
21139,0.3925318049583875
21141,0.3346775278456596
21143,0.1844519087699207
21145,0.3273206404600267
21147,0.10193341466997735
21149,0.42543584497357767
21151,0.35814295664493234
21153,0.12001030242343617
21155,0.32231575047057737
21157,0.4624046963759245
21159,0.01215695553636294
21161,0.3252114458514022
21163,0.5155614995525751
21165,0.1906582796676936
21167,0.3894426297344559
21169,0.35710565282806855
21171,0.22428321312137225
21173,0.28021590587859907
21175,0.11265708024360653
21177,0.3114464759072541
21179,0.4632499515488756
21181,0.3451093415613851
21183,0.3419292958690987
21185,0.6516674564120236
21187,0.4114938926783047
21189,0.029172677744278005
21191,0.4774160218140636
21193,0.11363833621020075
21195,0.15442823572051662
21197,0.12435754597898226
21199,0.22729328407877744
21201,0.2245761740043073
21203,0.1945348893012697
21205,0.23482693719703454
21207,0.15885511732854046
21209,0.5744958720546047
21211,0.5192812381188298
21213,0.4300587803595345
21215,0.6986078219244751
21217,0.3047558585517211
21219,0.34629776318422695
21221,0.4043843844151649
21223,0.4807119529549894
21225,0.33196834978929785
21227,0.372478441356326
21229,0.387229560388911
21231,0.20599335049713707
21233,0.3037380956313365
21235,0.27689239500752066
21237,0.0343028351472114
21239,0.5594954151217066
22001,0.31063489369401515
22003,0.2521039263142139
22005,0.6006372605315822
22007,0.29848817762604146
22009,0.22271856352614927
22011,0.3695587603101637
22013,0.15124594744858014
22015,0.47845380552597755
22017,0.3431633342916264
22019,0.3640428004681573
22021,0.20822388668239053
22023,0.54280663928837
22025,0.23306688891647478
22027,0.17657592599230448
22029,0.19068991705307622
22031,0.26161927893905335
22033,0.3625438076096176
22035,0.14041745122231641
22037,0.27115635248549597
22039,0.19522796083855237
22041,0.15035455900939737
22043,0.29245494509795766
22045,0.32130676109413714
22047,0.18853066918297695
22049,0.23559667984621702
22051,0.40541076024072475
22053,0.28392380381516186
22055,0.3882420880769754
22057,0.38644125758876996
22059,0.3141361654056963
22061,0.16413415040241897
22063,0.5114947986731109
22065,0.2013897308032593
22067,0.19106901027634388
22069,0.18345723223405422
22071,0.18906110995810668
22073,0.3032929474066589
22075,0.4569147769947078
22077,0.36112845535921095
22079,0.30819621408770936
22081,0.27397507620345607
22083,0.2842724252184756
22085,0.2679470429187856
22087,0.47719524994322793
22089,0.49365111719534643
22091,0.24393653114799083
22093,0.3548537227456403
22095,0.4522066819404298
22097,0.2574150984097926
22099,0.3628997194341
22101,0.3159770821241739
22103,0.5085223799929831
22105,0.31842562446728584
22107,0.2711506350456302
22109,0.40460673629470023
22111,0.26174474809619824
22113,0.3371923151937058
22115,0.5805030358054867
22117,0.1531996538768803
22119,0.26972224619598617
22121,0.4004360893130332
22123,0.23604999915094435
22125,0.16554970601009317
22127,0.15737490570813711
23001,0.4233859151628938
23003,0.3150443025926691
23005,0.4591020684144617
23007,0.4714803065214863
23009,0.4050464957439169
23011,0.4102477832552107
23013,0.4306567602888319
23015,0.5058455421549779
23017,0.3893623587319555
23019,0.3772127264936416
23021,0.3244113863482606
23023,0.5390159728215426
23025,0.3466049235329049
23027,0.4150479051952054
23029,0.301745765502573
23031,0.5240240907865344
24001,0.24008846958904945
24003,0.631338787588422
24005,0.5198656756047666
24009,0.7235731014349599
24011,0.4546470842810088
24013,0.6318256806921486
24015,0.5168705588239052
24017,0.7431800830937553
24019,0.3306491360069386
24021,0.6672061980329232
24023,0.3757322181647991
24025,0.6516149917586946
24027,0.7658117605359394
24029,0.3113532860409808
24031,0.6094601781733358
24033,0.6631787628410449
24035,0.6152513358760849
24037,0.6518892073851275
24039,0.17026301730116472
24041,0.4017476392612847
24043,0.400707428787831
24045,0.42981756909076774
24047,0.414020694937215
24510,0.19298610936697128
25001,0.4119992987555608
25003,0.32476291560394355
25005,0.3006334991161115
25007,0.5869531097293517
25009,0.3767560892972609
25011,0.464256836920519
25013,0.2533583982235072
25015,0.4411676764626034
25017,0.47356797259154115
25019,0.725000706667787
25021,0.49086699723064736
25023,0.5192577612219164
25025,0.18615884853777354
25027,0.4069258477918782
26001,0.33411191471987045
26003,0.3272986005913834
26005,0.5675911191922823
26007,0.36276342579115284
26009,0.4795161127771815
26011,0.37724265799176987
26013,0.3222757973270446
26015,0.569878258860062
26017,0.4043265034857681
26019,0.5149052812596115
26021,0.35948594417237323
26023,0.4205799970001086
26025,0.43155502083336494
26027,0.4733065793352995
26029,0.4644167564024487
26031,0.3859785972536325
26033,0.28725155213289244
26035,0.2658236478767046
26037,0.5783334829295568
26039,0.42756831704025744
26041,0.34884506778764623
26043,0.3970511576322055
26045,0.5686284607590132
26047,0.4831509823680741
26049,0.35548624325578027
26051,0.3271739292300893
26053,0.2631019861679525
26055,0.49857840796594843
26057,0.34086082040718124
26059,0.48356928839631863
26061,0.33095993343907293
26063,0.37690362682935913
26065,0.3598807904153414
26067,0.43382562499885685
26069,0.3132856240580797
26071,0.30811547157396685
26073,0.2680748244601989
26075,0.36464579893646
26077,0.38049754358291027
26079,0.4251285724825837
26081,0.500626819603049
26083,0.37336472854370484
26085,0.20618530759814807
26087,0.5357912229167412
26089,0.4697660190014659
26091,0.4479221265091272
26093,0.7059963861756329
26095,0.29527474358950895
26097,0.4907380638235086
26099,0.45410196998805735
26101,0.3875250927975512
26103,0.35184062720061726
26105,0.4241869202938143
26107,0.3817598428893553
26109,0.44536281096731606
26111,0.450321643460299
26113,0.49486744961279666
26115,0.4938362715177946
26117,0.41010652536570297
26119,0.2982607902359844
26121,0.3589841462673657
26123,0.4187644991097368
26125,0.46936385225399346
26127,0.43491968087064964
26129,0.28626135381649054
26131,0.3607961119385254
26133,0.4003268860516277
26135,0.394729444944086
26137,0.4909915633437918
26139,0.6384684492549846
26141,0.3895850092306207
26143,0.28513427776561584
26145,0.339624004729615
26147,0.43597807927238097
26149,0.48351555256803236
26151,0.44086325894130857
26153,0.22603308566742017
26155,0.4763746503283376
26157,0.4506186458759079
26159,0.42659337803234776
26161,0.4417565164569212
26163,0.25895655037003534
26165,0.42616266237358513
27001,0.4054493882778757
27003,0.7378912732107901
27005,0.46033013710629167
27007,0.40765941229544167
27009,0.4913189126522718
27011,0.4193358767728481
27013,0.49809238411113516
27015,0.5167357521469518
27017,0.4669096930547637
27019,0.8027274094186803
27021,0.4680234294996204
27023,0.4905813521293808
27025,0.6642898546373706
27027,0.5715647933805614
27029,0.343845566518663
27031,0.48057920387838504
27033,0.4283150482252271
27035,0.48130188668304963
27037,0.7296595906262696
27039,0.7344101144203424
27041,0.5139211574345339
27043,0.45832216464940917
27045,0.5135219490733326
27047,0.43791525454118924
27049,0.4993736078540704
27051,0.46741930162581063
27053,0.4845658007587662
27055,0.518666126049736
27057,0.4960879408286764
27059,0.7211651970517526
27061,0.4637542113039001
27063,0.5578425632353283
27065,0.5088877761691293
27067,0.5162017623261211
27069,0.38806663640554023
27071,0.3306808585089078
27073,0.49674575184041364
27075,0.4524419136758258
27077,0.5314212659898576
27079,0.6599268270084984
27081,0.47099917726065516
27083,0.5055496130240704
27085,0.6042553870422147
27087,0.3435988491511306
27089,0.5763372519057332
27091,0.4521700230837192
27093,0.6189815676796904
27095,0.4859912198090652
27097,0.4739807511229816
27099,0.4303749090913779
27101,0.4755347244762663
27103,0.7224935409735511
27105,0.47314799125825857
27107,0.44919307148560716
27109,0.6162522921228429
27111,0.43589137512166953
27113,0.48963233296236935
27115,0.43213940993498257
27117,0.4643403051674332
27119,0.42487439110436814
27121,0.5084845629282425
27123,0.4458802685744963
27125,0.5500337490066729
27127,0.5168853645421243
27129,0.5364401448986279
27131,0.532787584257332
27133,0.5204116613555464
27135,0.6995756311797882
27137,0.36519248939897214
27139,0.8488743388542215
27141,0.7692643063197729
27143,0.6120767140147896
27145,0.5780009308662507
27147,0.5898759481926763
27149,0.4507411964819474
27151,0.4828784263184146
27153,0.49317023877654925
27155,0.39421657841193763
27157,0.6027494464045355
27159,0.3290519289113193
27161,0.4970078345481525
27163,0.7582101992917722
27165,0.5456274869173484
27167,0.5205200370794272
27169,0.44122961538984184
27171,0.8033983971691099
27173,0.5325725681069284
28001,0.207579064592184
28003,0.32653192084821325
28005,0.21830259885557432
28007,0.22610709244647098
28009,0.25337260735645795
28011,0.21935596221333586
28013,0.29893758888141575
28015,0.17921068287553843
28017,0.34417809969036306
28019,0.2496791254497919
28021,0.1986747687059869
28023,0.23336073719468423
28025,0.16957024725773728
28027,0.1673660467724104
28029,0.26981440221165187
28031,0.23922651436672718
28033,0.6808285514283965
28035,0.24926937544184252
28037,0.32103586745443674
28039,0.39447028931968675
28041,0.2772540204068314
28043,0.24486191948914451
28045,0.371704752641872
28047,0.41138362163025133
28049,0.3339260961930121
28051,0.23104790463576108
28053,0.20649940439394657
28055,0.15877689451240473
28057,0.35494254114661394
28059,0.45204386455703766
28061,0.30842404014575203
28063,0.17197202115829252
28065,0.24340700111275876
28067,0.3568616395637955
28069,0.15315910172372751
28071,0.25112996264567927
28073,0.46392446822532235
28075,0.26355286055832455
28077,0.2827776072758706
28079,0.22382390867778157
28081,0.38331430310327946
28083,0.16252385714785933
28085,0.35975991043038186
28087,0.2529791174150159
28089,0.45345993475391266
28091,0.17570126951944404
28093,0.2720185356961225
28095,0.2873701107751728
28097,0.2731349481406531
28099,0.3647998087791269
28101,0.44115803243105406
28103,0.18653356747603983
28105,0.181494906379949
28107,0.3237361642813171
28109,0.2942671656020473
28111,0.3259488265980762
28113,0.2519454384069496
28115,0.3999721031842592
28117,0.32065869415928355
28119,0.22174791029143193
28121,0.5194601366746582
28123,0.45023483422320254
28125,0.27709431506739934
28127,0.3456587877427773
28129,0.31509876413473153
28131,0.325410545871156
28133,0.15400874810702556
28135,0.18961658948248863
28137,0.38369890631243164
28139,0.3400729934146133
28141,0.3700846643460197
28143,0.4075412500407056
28145,0.4104882541865425
28147,0.1507733764846925
28149,0.32243857787292324
28151,0.2144974423392795
28153,0.23642521117520301
28155,0.2109332938758081
28157,0.08199589600609473
28159,0.24097124201410594
28161,0.27306328795838897
28163,0.09379355107337077
29001,0.2775825190784567
29003,0.5823609108545863
29005,0.44226987313935945
29007,0.46529130835160715
29009,0.503853699564706
29011,0.3847996829566916
29013,0.3231182064324553
29015,0.31076027419863816
29017,0.3100892200162334
29019,0.4201926974184915
29021,0.4011210713517352
29023,0.32617948123638335
29025,0.41718746379957
29027,0.4571156038854297
29029,0.4721067747562569
29031,0.44494046310897645
29033,0.4316948178722575
29035,0.2814228495047365
29037,0.643926410196192
29039,0.3106105149478576
29041,0.35146262107742865
29043,0.6554833674165534
29045,0.3920919361344458
29047,0.667179333231587
29049,0.5722341130306837
29051,0.48979980776945037
29053,0.3791874994833768
29055,0.3833063610020379
29057,0.3407927714843039
29059,0.4585807749948129
29061,0.5151109664585574
29063,0.2975331557032456
29065,0.3499494525729873
29067,0.4652529021508343
29069,0.25776851681742424
29071,0.5269786816412227
29073,0.3879616748968794
29075,0.45832663936863943
29077,0.439890255085008
29079,0.38043562762755767
29081,0.3706458600385114
29083,0.3982708440000044
29085,0.3047372852602859
29087,0.49075102694341266
29089,0.33637250835814064
29091,0.34413045586230007
29093,0.27992757648026056
29095,0.41539736163773483
29097,0.45517080837716
29099,0.5861380280167299
29101,0.5073606824853538
29103,0.3001100276422665
29105,0.4475082218458544
29107,0.5287807759880485
29109,0.43355128123879383
29111,0.46368976000659445
29113,0.58175792364648
29115,0.3704827540582651
29117,0.34765528037213256
29119,0.4025236790453481
29121,0.44948551096291034
29123,0.4627049363956656
29125,0.467855480333641
29127,0.42067663673015726
29129,0.4383091779638125
29131,0.3357037314463985
29133,0.21077929212804528
29135,0.3542686026033287
29137,0.5393261903293649
29139,0.3421647542047525
29141,0.32222715015056447
29143,0.2318223490775187
29145,0.4884124909714559
29147,0.37353850906935643
29149,0.29634089559307547
29151,0.588506852231704
29153,0.42570621666839575
29155,0.2100636405909068
29157,0.5371375210106679
29159,0.4484937073683932
29161,0.3848923318394054
29163,0.3020634751857369
29165,0.6469969427215149
29167,0.356301024945979
29169,0.6287660927271493
29171,0.3151712176468664
29173,0.7274079345980353
29175,0.32790404001690115
29177,0.5234473124305979
29179,0.2734985842992417
29181,0.44187662265461863
29183,0.7410077317486263
29185,0.2884786211599463
29186,0.4728955094684283
29187,0.26542314997110544
29189,0.4554953700501882
29195,0.43336308204128565
29197,0.45212939205836905
29199,0.4078497039742346
29201,0.36443563311562094
29203,0.37455760468794763
29205,0.41573106898089435
29207,0.3144916698431552
29209,0.41659297485388125
29211,0.397664342449255
29213,0.43321551104342126
29215,0.33511093718939244
29217,0.4082101162001909
29219,0.5666373344362492
29221,0.2889448812758287
29223,0.32466702245763035
29225,0.4817156975705191
29227,0.440819389079847
29229,0.3916286947558095
29510,0.19772857628414922
30001,0.46086038289262443
30003,0.40237913999075503
30005,0.39815417411913107
30007,0.5573054795501095
30009,0.46847988425406406
30011,0.3065725948098835
30013,0.4680806888689415
30015,0.5361456754061152
30017,0.44741923231224673
30019,0.4882257646338361
30021,0.4279329337098308
30023,0.31002909575295035
30025,0.6530732572054034
30027,0.435703459743724
30029,0.5340472757728185
30031,0.6234792591605938
30033,0.4967082541601623
30035,0.350739454492835
30037,0.4463952335391253
30039,0.4465034471124902
30041,0.4392981973440785
30043,0.6372145768030064
30045,0.5128652901480606
30047,0.38808741319280504
30049,0.6320475891135017
30051,0.27494568242027034
30053,0.3281213206081149
30055,0.4924758023106414
30057,0.5561677260968491
30059,0.5023693114402648
30061,0.4072453236083678
30063,0.4572080579376365
30065,0.35876915191707087
30067,0.5030385913042321
30069,0.545605833104113
30071,0.3723748144987323
30073,0.47101900423408766
30075,0.40135149804619374
30077,0.3898806401136678
30079,0.3258604065875876
30081,0.4036310670071658
30083,0.5130367981561564
30085,0.3691053517710925
30087,0.49876851816515905
30089,0.3869384599115983
30091,0.42046545444499667
30093,0.3446156731747292
30095,0.5766302823883592
30097,0.5131137826900976
30099,0.4245146179786242
30101,0.4261881938741576
30103,0.5315214091568873
30105,0.395017519134686
30107,0.3620831158887425
30109,0.29643621273429066
30111,0.5017517807009864
31001,0.5461418993682535
31003,0.5102714731318202
31005,0.5706378273604382
31007,0.45988411302320686
31009,0.829871161077065
31011,0.5505023485342473
31013,0.43029310747989796
31015,0.5401576818372515
31017,0.43181907096105615
31019,0.5823894792786098
31021,0.4546455734544125
31023,0.6189096999015486
31025,0.7030891886596259
31027,0.5346043676967037
31029,0.6036947720784055
31031,0.5565112777171867
31033,0.6033332361629954
31035,0.5680519278488316
31037,0.6121180582338845
31039,0.5464730193341195
31041,0.5591866200362281
31043,0.5520160966976536
31045,0.39391717010053773
31047,0.6240675464453577
31049,0.5548366292874269
31051,0.5754530912998125
31053,0.5586951288149229
31055,0.5088751141777628
31057,0.6047169415443407
31059,0.6025591828793182
31061,0.4498116547601055
31063,0.6266145639607958
31065,0.41861528420311445
31067,0.4776077040071851
31069,0.4848327996998575
31071,0.6103120554231757
31073,0.7024742883855065
31075,0.642818586651943
31077,0.4229718610865882
31079,0.5957041125606167
31081,0.6325631801447997
31083,0.5465243785152863
31085,0.6924621654208157
31087,0.4807550981587803
31089,0.5206211983062913
31091,0.6214266414416162
31093,0.6081638382124542
31095,0.49498016984470633
31097,0.351579113399351
31099,0.705239072045232
31101,0.5209911247342652
31103,0.4951946688506671
31105,0.4589287092064941
31107,0.45938738871758794
31109,0.5373448318308284
31111,0.4973829776470607
31113,0.709932174060637
31115,0.5609315406802201
31117,0.37171471337511636
31119,0.4835039147159862
31121,0.5910026431852422
31123,0.5657511080284803
31125,0.5224206454373125
31127,0.36149889321409084
31129,0.5246515121328222
31131,0.4613110337249363
31133,0.3556630937802647
31135,0.6296703641756057
31137,0.5492464143240958
31139,0.6963414723021414
31141,0.6953477482701276
31143,0.5819466273877797
31145,0.4784437411693662
31147,0.41932672573485275
31149,0.4489469698012464
31151,0.5301581748719746
31153,0.8332354278152158
31155,0.5803361563278533
31157,0.48783716194862264
31159,0.5936344549856125
31161,0.4767844961910406
31163,0.48371972193281065
31165,0.4983803257194684
31167,0.7184294977913273
31169,0.36155317491484934
31171,0.762661087676001
31173,0.46044351043619863
31175,0.4152541633769632
31177,0.6236607073253846
31179,0.5247419423672496
31181,0.41948339600119305
31183,0.5714612165194871
31185,0.5744644646473276
32001,0.525251503439958
32003,0.5110939948187722
32005,0.5088506585036995
32007,0.6853461368435918
32009,0.38547269277318885
32011,0.613779470178729
32013,0.5104883801160975
32015,0.5667747484742419
32017,0.39905402943095586
32019,0.5298274975255651
32021,0.20679776976668487
32023,0.33162141247542165
32027,0.32988389192921025
32029,0.5358120327196594
32031,0.4534953008073586
32033,0.41238352372709514
32510,0.3503850926874204
33001,0.4931654923074257
33003,0.5551554651483824
33005,0.5202391438227256
33007,0.3240202257350237
33009,0.4898829365529993
33011,0.5515332873034761
33013,0.5197616366726117
33015,0.6583434607478099
33017,0.5097996662952567
33019,0.49013024429524765
34001,0.3915195998628333
34003,0.47138924688791534
34005,0.5917421679412603
34007,0.3955119847416126
34009,0.3938665375758926
34011,0.2743826289976571
34013,0.2761135015448011
34015,0.5666436857666629
34017,0.33403651348358365
34019,0.6134175525458305
34021,0.3903748113007057
34023,0.5417249244381886
34025,0.4864336808122384
34027,0.6229411611926475
34029,0.429734719319888
34031,0.3495825409221477
34033,0.36892874390092883
34035,0.6076028268749387
34037,0.6853708128090084
34039,0.44364606018154024
34041,0.5556269419602525
35001,0.4102952666979807
35003,0.37902512412451994
35005,0.4117334677142487
35006,0.28329953229906624
35007,0.25573894180104234
35009,0.37763953235542547
35011,0.28498281937507436
35013,0.36216625956823634
35015,0.40050899367404935
35017,0.3126719420186588
35019,0.38575092074364403
35021,0.339921879368155
35023,0.21912396309512666
35025,0.48309839497559687
35027,0.41008138173657294
35028,0.7838322297878862
35029,0.2629969458354825
35031,0.2393680431398437
35033,0.17037845697329
35035,0.3630029882485668
35037,0.3177190155321385
35039,0.311432904151836
35041,0.4003566101329187
35043,0.5434552258240688
35045,0.3973050079431469
35047,0.20049266275567243
35049,0.3811923334310988
35051,0.23211720983065995
35053,0.31107614733515926
35055,0.3131474788571636
35057,0.27005846813874185
35059,0.4120115636497081
35061,0.3151756560800318
36001,0.41859803442395327
36003,0.4180107403403222
36005,0.168236756553039
36007,0.3414017561132895
36009,0.43352922467606536
36011,0.4221578029243649
36013,0.3473991905054106
36015,0.34329469644709004
36017,0.4050401164234449
36019,0.31846794783887383
36021,0.43036617081893264
36023,0.4412789409387235
36025,0.4106008737507513
36027,0.4651962784786241
36029,0.3556265644965981
36031,0.42187918868768026
36033,0.27513482717950405
36035,0.3661819772783993
36037,0.48491276844661624
36039,0.34022012721940714
36041,0.5571220094906068
36043,0.4023530231367433
36045,0.4749722438283676
36047,0.2579510911496381
36049,0.5008521342062007
36051,0.42374863660545675
36053,0.5202628179187646
36055,0.39921956792606617
36057,0.3411975576174143
36059,0.5447712311359657
36061,0.14862963657785733
36063,0.38588788223356696
36065,0.3303213384379737
36067,0.389809618638651
36069,0.5171770011951213
36071,0.4746211900113265
36073,0.4002452479081393
36075,0.42766111741239954
36077,0.42973926578865856
36079,0.6033568645605206
36081,0.4008020901521174
36083,0.4502296473648463
36085,0.40818565467778284
36087,0.4850773662964496
36089,0.336805801943516
36091,0.597727650545305
36093,0.41437876322522804
36095,0.43078889282048677
36097,0.48505960983858487
36099,0.35916611087611255
36101,0.42633295837703605
36103,0.5829249680656384
36105,0.3426021385847319
36107,0.4990582276635818
36109,0.3345702384936676
36111,0.38852622095079437
36113,0.48135889777199875
36115,0.4509741002361615
36117,0.5328300297512134
36119,0.3771928808054508
36121,0.4610433932326513
36123,0.46163260880684664
37001,0.4180708614734559
37003,0.43839054588273624
37005,0.2875576438693936
37007,0.2793110703547168
37009,0.3172155272684794
37011,0.2940599752967786
37013,0.2853027679738074
37015,0.17122126417487854
37017,0.17910548483569322
37019,0.3620994289890754
37021,0.39752998273804396
37023,0.3277207154548914
37025,0.5467232806130452
37027,0.3222198795394213
37029,0.5882308607510492
37031,0.3963535638570471
37033,0.2345631625479051
37035,0.4642417381262032
37037,0.4186310918486015
37039,0.3375175614370926
37041,0.22873790956634724
37043,0.3492637665036094
37045,0.351277719721869
37047,0.16906943064696836
37049,0.4080213836608474
37051,0.5203614050069303
37053,0.566564200606635
37055,0.6234386511913315
37057,0.42855753608624814
37059,0.4672193874716857
37061,0.33033087678993356
37063,0.4277198745355376
37065,0.25094360995826265
37067,0.43404166415364764
37069,0.41033927562649986
37071,0.362657718375114
37073,0.42699464505466483
37075,0.3337689126108236
37077,0.37905928962590674
37079,0.2915710713558931
37081,0.42020211132113455
37083,0.1647175028039982
37085,0.45170112694215675
37087,0.39391491326177974
37089,0.3931866524019856
37091,0.12634005472905907
37093,0.4103441306252513
37095,0.338682126581042
37097,0.47755175763581753
37099,0.37809595619262215
37101,0.5007898042478144
37103,0.31715202157162065
37105,0.4285967807327543
37107,0.2679850219315714
37109,0.4321514533395009
37111,0.2778025966140365
37113,0.27983694148510146
37115,0.31760575193323326
37117,0.27301380830818783
37119,0.4981377173469567
37121,0.2923987047131186
37123,0.22013395258806082
37125,0.368366579705488
37127,0.38141817869551836
37129,0.3868586220014018
37131,0.15389862789436293
37133,0.6633100163712187
37135,0.36390108548964967
37137,0.3079417026654629
37139,0.30485150873805034
37141,0.3749581929520218
37143,0.27622203280818763
37145,0.34869223479904166
37147,0.3421933330786663
37149,0.38551426926644816
37151,0.43758983128670614
37153,0.21570679626973693
37155,0.25278038173033407
37157,0.35876502158961016
37159,0.3483562821519594
37161,0.2988318161809057
37163,0.34238171583264904
37165,0.14855478729284227
37167,0.3765274206869632
37169,0.3885715604509789
37171,0.33805055531631284
37173,0.3138418947751227
37175,0.378266565781162
37177,0.29023935287762553
37179,0.6539904152090221
37181,0.24181089150773533
37183,0.6024085404485219
37185,0.14316141222300102
37187,0.18572156741934942
37189,0.193707696300204
37191,0.3812033301570083
37193,0.3044893360242344
37195,0.3460613892981237
37197,0.4082912748095081
37199,0.3226690939854311
38001,0.5712648637672839
38003,0.480495671376615
38005,0.4257624786955513
38007,0.6222958291301071
38009,0.3938391863768134
38011,0.5064773950528672
38013,0.4377005269142188
38015,0.5994374378765409
38017,0.596152799116536
38019,0.45429732147534707
38021,0.4305424233863916
38023,0.37423419075282716
38025,0.43665122842881904
38027,0.38350700880037514
38029,0.3062978733587675
38031,0.3275401471042642
38033,0.3067656684421239
38035,0.48686333701086887
38037,0.2810619365436046
38039,0.4528794870202209
38041,0.39218107968011917
38043,0.4526945282354826
38045,0.4003750856116999
38047,0.3708081507978596
38049,0.46764540113759173
38051,0.2226908367562497
38053,0.5162109078147173
38055,0.45121009104398346
38057,0.5154997961143394
38059,0.6262881758606396
38061,0.4737380639393651
38063,0.39137761942556903
38065,0.4645592035830743
38067,0.4835788843722787
38069,0.29123869024034194
38071,0.4593363543578059
38073,0.5063198563892332
38075,0.5319931931684347
38077,0.5206492049948851
38079,0.19295196268175804
38081,0.5932309070687802
38083,0.40026453046889343
38085,0.2880467350337043
38087,0.46933166012552074
38089,0.5152415032656157
38091,0.6167294440049887
38093,0.4573501397888558
38095,0.4635702391191994
38097,0.4928125599893226
38099,0.4416690499435395
38101,0.6521930681565706
38103,0.3711420548422078
38105,0.6226895191518568
39001,0.2643337306254631
39003,0.35270237702558194
39005,0.5212069153531769
39007,0.3459411533443567
39009,0.19130226073621
39011,0.6192478421466914
39013,0.33016092951073445
39015,0.4760883205546348
39017,0.4917006034922681
39019,0.5091016585032793
39021,0.5170686347964939
39023,0.3731586372541268
39025,0.5578864109154066
39027,0.44015693218038454
39029,0.36038907827398825
39031,0.40588160124184586
39033,0.4593475827474377
39035,0.29030915248379224
39037,0.5031147116656254
39039,0.5441570902848192
39041,0.7496529846098162
39043,0.4043680689248982
39045,0.519114440384535
39047,0.42950157605125755
39049,0.45075286067762277
39051,0.6073753356770784
39053,0.32065327848712777
39055,0.5945199261623967
39057,0.44669771049927093
39059,0.38169879374550125
39061,0.3240780936352551
39063,0.5083277555567688
39065,0.4418080038854758
39067,0.37874487341485896
39069,0.5123462129345424
39071,0.41267636266386337
39073,0.35917121676142627
39075,0.6367624586948306
39077,0.5298447151996829
39079,0.3065716361034615
39081,0.3303513991159788
39083,0.49135099071923116
39085,0.5415969109859695
39087,0.3314406258377341
39089,0.5143063030395841
39091,0.49365208141758693
39093,0.42498330105884496
39095,0.324547888649884
39097,0.4546103812406464
39099,0.31812678418180784
39101,0.3446021539291459
39103,0.659439423039237
39105,0.2838463096702553
39107,0.6073237424080725
39109,0.5332154539778301
39111,0.41813749497577324
39113,0.3698042867996017
39115,0.3179612379243271
39117,0.5756252971326263
39119,0.3687553000645386
39121,0.3242457206425415
39123,0.4709739420082428
39125,0.5205256549323473
39127,0.4069016805354896
39129,0.4575021790097238
39131,0.26609767913004023
39133,0.46465695679734603
39135,0.5313237030587975
39137,0.6826861445108475
39139,0.39242266939298576
39141,0.3158705193382764
39143,0.48688861230471503
39145,0.1978219040474362
39147,0.4887618697298772
39149,0.6030521611633444
39151,0.41773951667042825
39153,0.400832729118548
39155,0.37562574389400133
39157,0.4685633320352304
39159,0.5713838342369612
39161,0.5587587560132795
39163,0.38091912304347114
39165,0.6494334718095781
39167,0.3888638890705652
39169,0.5410397060249886
39171,0.4555723366624715
39173,0.48648673540011556
39175,0.5638563646942468
40001,0.3505929037108815
40003,0.3048796088571238
40005,0.32811462056130813
40007,0.6075106039049316
40009,0.3814952529149565
40011,0.33526419275134417
40013,0.35655405427892584
40015,0.338947641128015
40017,0.6905696778911938
40019,0.4746054792991374
40021,0.3604470136575279
40023,0.23400021479613317
40025,0.4915564999460154
40027,0.5388384355399198
40029,0.33857232549990646
40031,0.4623137460758575
40033,0.4344747996938748
40035,0.3522648623346617
40037,0.4370048753918598
40039,0.3729217747995611
40041,0.38667072491333154
40043,0.41158734331635927
40045,0.4161624289384167
40047,0.4859813789409501
40049,0.3900225045762691
40051,0.42915164473861855
40053,0.5657791378911179
40055,0.3084540616041415
40057,0.23206942468743386
40059,0.5959235078667209
40061,0.40213166742344014
40063,0.2104605336928616
40065,0.477493915222109
40067,0.3356888054103983
40069,0.34967452887126566
40071,0.41135727276292416
40073,0.5520520461828731
40075,0.2874326780719941
40077,0.2555140217316984
40079,0.3012014537360972
40081,0.42041124310592054
40083,0.4550792215703412
40085,0.55801145464776
40087,0.5325630896671857
40089,0.2954681136086154
40091,0.28379958012693834
40093,0.4478067856597528
40095,0.3490530530667588
40097,0.4047651953450422
40099,0.515087570146109
40101,0.2979058366899435
40103,0.4760037033203615
40105,0.3757857447316027
40107,0.2526655490471757
40109,0.4175463247501957
40111,0.32237262116263743
40113,0.3516058538522646
40115,0.37146878320228316
40117,0.45340160262843465
40119,0.28767538458190556
40121,0.2714656815024804
40123,0.3799476021650609
40125,0.38380560620633597
40127,0.22557986092038748
40129,0.49640181026949387
40131,0.5947206908392559
40133,0.279371577492288
40135,0.36516013179424317
40137,0.39345449065328136
40139,0.6009000214321754
40141,0.4286209942911234
40143,0.44893987216162495
40145,0.5999493152311671
40147,0.4454630934957904
40149,0.412408585974275
40151,0.3189910889970561
40153,0.41299033632505183
41001,0.28820691958761785
41003,0.32654438318473694
41005,0.5493180149165185
41007,0.4625597715180898
41009,0.43230329990605915
41011,0.29199691174093384
41013,0.3970454611967679
41015,0.27235683447942793
41017,0.4636058290166191
41019,0.34164758019779284
41021,0.4232876200526983
41023,0.2652814049551873
41025,0.3816546441143964
41027,0.6064232689177513
41029,0.38596932335159817
41031,0.4357752258267475
41033,0.2797838409103846
41035,0.34741082333523626
41037,0.3024819329872794
41039,0.34699497150351183
41041,0.3517160882561641
41043,0.4371940328442927
41045,0.22317242541420862
41047,0.4335825218388946
41049,0.5760412869470297
41051,0.37951512979632146
41053,0.434239634966211
41055,0.27620249562693683
41057,0.4662906904743804
41059,0.3999530713190389
41061,0.3336617542282603
41063,0.2989981774925929
41065,0.4427847251192784
41067,0.5651551784281892
41069,0.30217729353761225
41071,0.4426797453834794
42001,0.546367286912499
42003,0.37256252865915485
42005,0.39642279351113274
42007,0.40071666881289897
42009,0.43437214440066924
42011,0.4547388145449184
42013,0.4039988829604978
42015,0.45048422634333807
42017,0.5829636202344547
42019,0.4880328659983681
42021,0.3092292395086479
42023,0.4115709429243855
42025,0.441487744357745
42027,0.3739518671949349
42029,0.5881516774280799
42031,0.3522340996887006
42033,0.345462168283536
42035,0.36555305708333014
42037,0.370825901011971
42039,0.3947460094436081
42041,0.5388293426680271
42043,0.48790624089162166
42045,0.43148003847113
42047,0.5283919584769083
42049,0.37394738512579023
42051,0.2929247774959182
42053,0.247080647274331
42055,0.5439668291889255
42057,0.580916938771539
42059,0.31190509332546956
42061,0.3855784284622171
42063,0.33523583931122236
42065,0.39993766675027187
42067,0.5362732518458256
42069,0.35934877230605344
42071,0.5431066672637237
42073,0.3633396380683031
42075,0.5272422262657523
42077,0.41377523797167476
42079,0.32044364136233694
42081,0.42962250838392396
42083,0.3787782283351096
42085,0.3738554898524131
42087,0.4159155113018146
42089,0.507203096299128
42091,0.5328672873684299
42093,0.41394184631489467
42095,0.47180557067930734
42097,0.3719973732293919
42099,0.631997819505547
42101,0.1861891178709726
42103,0.5693651972991055
42105,0.3835246612195925
42107,0.3617754690709723
42109,0.5302654654503752
42111,0.37196253918922956
42113,0.36072470484642033
42115,0.45810888211830064
42117,0.4263328637738553
42119,0.4104345164797355
42121,0.44394782509344105
42123,0.4398327295122905
42125,0.4226845564987207
42127,0.393099932743617
42129,0.40309043490648344
42131,0.4502825614483632
42133,0.5506174051534544
44001,0.39885823422305056
44003,0.46455776094339024
44005,0.48370989151032634
44007,0.26295332347184774
44009,0.5260735461502516
45001,0.3191822005428872
45003,0.34413578446404997
45005,0.015315221255924707
45007,0.3701641129723317
45009,0.13596246296514855
45011,0.22707973817161003
45013,0.5341765456205345
45015,0.5359207667525365
45017,0.3205370575928467
45019,0.37139342569815736
45021,0.33919791097719204
45023,0.27811561718122985
45025,0.2709493036575496
45027,0.1918282330358418
45029,0.3234463471364813
45031,0.2738238779679233
45033,0.28356136104293067
45035,0.548274142417911
45037,0.22406598006117628
45039,0.2473274769234279
45041,0.3421042158649274
45043,0.3015376572124589
45045,0.41830665764702085
45047,0.27722255995011547
45049,0.15340160848959378
45051,0.433315754947847
45053,0.4018751613410254
45055,0.4351103992730156
45057,0.32923399772198153
45059,0.40037931579206304
45061,0.25979374929839477
45063,0.5346042653819152
45065,0.21604712078006538
45067,0.23964785330921143
45069,0.21663415658912744
45071,0.3673826576991172
45073,0.36748389078072785
45075,0.22850145683704576
45077,0.3975743820034751
45079,0.4228856153875229
45081,0.35341292980305106
45083,0.3819380853118358
45085,0.4083424421363492
45087,0.2957425265389262
45089,0.17879540309626732
45091,0.4651737104782156
46003,0.6089489975910483
46005,0.4472288855712055
46007,0.39393943842816326
46009,0.2836476234919534
46011,0.5576959163051994
46013,0.5837481037120347
46015,0.5495859777251315
46017,0.40158004538508674
46019,0.4961071954996431
46021,0.3469823758434599
46023,0.39582697355660224
46025,0.5014139473127535
46027,0.3193335565227296
46029,0.5831504438285179
46031,0.33181506243183706
46033,0.4324432107113764
46035,0.47570178605340074
46037,0.2929033410332951
46039,0.6484766304577818
46041,0.35233838401003
46043,0.42277061965149904
46045,0.5138739754765744
46047,0.20064841332659197
46049,0.4983452471214858
46051,0.5932836965082005
46053,0.33182458821415456
46055,0.4578637902657789
46057,0.5755078886464892
46059,0.5156518332448423
46061,0.781761255432341
46063,0.5310881086980783
46065,0.5088763733272691
46067,0.36673068033363865
46069,0.523433271141794
46071,0.5783422006385914
46073,0.4800739436755306
46075,0.42958140946376183
46077,0.5542788873361232
46079,0.4744122420982906
46081,0.45475339839682316
46083,0.8714833430168873
46085,0.49342437722504434
46087,0.590590008170953
46089,0.2429091900038598
46091,0.449757520653614
46093,0.6594738534664799
46095,0.34559161143033607
46097,0.45480723405506884
46099,0.6312294433481273
46101,0.6515737161157201
46103,0.5382120035742509
46105,0.27523803855910334
46107,0.43257411693053127
46109,0.43204915856748416
46111,0.4971053233083007
46113,0.3450500146606117
46115,0.4126013835585099
46117,0.6814821396210854
46119,0.6486596315274503
46121,0.3880028477996764
46123,0.38851749669473756
46125,0.5714104212516465
46127,0.6740046280549413
46129,0.31819307184479173
46135,0.4035254767614517
46137,0.3023006842716739
47001,0.30796728803527884
47003,0.39907974545660446
47005,0.251562933661289
47007,0.21867491125006325
47009,0.4349217041109393
47011,0.36487923335104333
47013,0.22979618400533622
47015,0.3615184903123228
47017,0.23924681958665894
47019,0.26630705346137995
47021,0.6146512868511907
47023,0.30425866898039045
47025,0.24487597758464785
47027,0.2838261853462754
47029,0.23124034806991442
47031,0.3144317091027672
47033,0.3877537793018256
47035,0.319630956370925
47037,0.42202119649114433
47039,0.15367304631030188
47041,0.32717269813277805
47043,0.44760339330807447
47045,0.342265368156437
47047,0.41813162613575067
47049,0.2703461017020328
47051,0.3997323396898546
47053,0.3483286946854042
47055,0.3058362044852022
47057,0.34020278587998615
47059,0.3280499826124388
47061,0.18930807658851442
47063,0.32075790688607364
47065,0.34979403198598663
47067,0.14937367048098668
47069,0.18814937799840806
47071,0.2619688082957316
47073,0.38612844284860287
47075,0.36480854042883326
47077,0.3511024339876769
47079,0.27673133790699744
47081,0.27572004771547126
47083,0.32193997343597774
47085,0.3947503905732551
47087,0.2789181145083666
47089,0.37470661592451426
47091,0.14978996459206106
47093,0.44046291873569393
47095,0.07473164475019481
47097,0.2207992778923652
47099,0.38261266555045736
47101,0.308346404693605
47103,0.4202461136688854
47105,0.37836693406734684
47107,0.3490560133467208
47109,0.2689401744352319
47111,0.3448352437260166
47113,0.3172429109209729
47115,0.294171386200715
47117,0.41623973687135013
47119,0.44216673913571475
47121,0.17797047764645896
47123,0.3295481943240732
47125,0.5781693737515732
47127,0.5340940471113103
47129,0.24340043588847715
47131,0.34234166927498455
47133,0.3655669981196676
47135,0.3523778231472145
47137,0.34440683699048374
47139,0.3014386793903327
47141,0.26433760381716376
47143,0.31193472947982925
47145,0.36472886911740177
47147,0.5926526675691405
47149,0.6149164743152807
47151,0.24819817420058635
47153,0.26656990128030733
47155,0.43240597681905224
47157,0.3519414975625997
47159,0.31488359760164564
47161,0.30975928493959043
47163,0.29739866232058565
47165,0.5552134506616725
47167,0.45321701128035774
47169,0.3950260109311096
47171,0.25140990927108886
47173,0.31765831112852294
47175,0.39307201022035865
47177,0.3351533190051327
47179,0.3203393751375713
47181,0.18997312765665958
47183,0.2309324408419403
47185,0.336380934905751
47187,0.6852156647368898
47189,0.5737232369555072
48001,0.25168113819538446
48003,0.4247696742806436
48005,0.38395898760988356
48007,0.2616778383231133
48009,0.5543524058682157
48011,0.5140816553198322
48013,0.38856063728667894
48015,0.47175979112869354
48017,0.4997915879126868
48019,0.39516266965007507
48021,0.4646213207699831
48023,0.301957016795393
48025,0.2925640837246258
48027,0.5710127173906225
48029,0.44931071992666455
48031,0.45489649121421066
48033,0.6295253523178711
48035,0.3654428444011976
48037,0.31526182140234954
48039,0.5213598306370214
48041,0.2519491157795649
48043,0.3814568189319765
48045,0.3907057021058581
48047,0.09587304457392745
48049,0.38496272364029394
48051,0.35625908847319665
48053,0.41904489809467443
48055,0.3790399521820189
48057,0.4235906861086379
48059,0.4007925317377936
48061,0.30102731071228195
48063,0.406490278000592
48065,0.6705601375836613
48067,0.2966098471798075
48069,0.56134821757806
48071,0.5306796233104345
48073,0.3184789459867722
48075,0.27699622665292956
48077,0.5282707919211422
48079,0.34919159114288256
48081,0.4367506108882869
48083,0.3284563634560771
48085,0.7356400408151832
48087,0.3570559857804454
48089,0.3748460859450342
48091,0.4959371740416809
48093,0.3248313587063814
48095,0.20356834784451883
48097,0.4406194779761297
48099,0.5855844169925499
48101,0.4437823777862091
48103,0.48596441095605436
48105,0.4812545265281872
48107,0.3840226946423893
48109,0.2755917289918363
48111,0.7281274284688674
48113,0.47172988857503234
48115,0.2149211139394575
48117,0.48136429999013824
48119,0.36672593025273376
48121,0.6907043508207511
48123,0.2575667912257242
48125,0.17922966148619657
48127,0.241721221050172
48129,0.4830875784155265
48131,0.2563941774771109
48133,0.33702236958040566
48135,0.4729964852987667
48137,0.3178439642738947
48139,0.6007585832075617
48141,0.37798517214202965
48143,0.3316277532949283
48145,0.244968140193553
48147,0.31048388978246877
48149,0.4354790187920116
48151,0.4977062130339359
48153,0.2900223605745926
48155,0.2710779493057836
48157,0.6534278951105612
48159,0.38831781683190725
48161,0.3284684087390527
48163,0.26869157905133023
48165,0.4982761944628599
48167,0.42870369022133276
48169,0.2471024092301369
48171,0.41156193030607124
48173,0.7009224329578453
48175,0.37800195294342037
48177,0.3630027964022038
48179,0.419980536153667
48181,0.4169673301759366
48183,0.3830155445718633
48185,0.3108090831263796
48187,0.6081290636571316
48189,0.38316918615019785
48191,0.2981220024760585
48193,0.2795761274048576
48195,0.6127737199831353
48197,0.33664967309886373
48199,0.4277840657939294
48201,0.47084711024380166
48203,0.38831533798786727
48205,0.43519155435947954
48207,0.22041365720079165
48209,0.4559234839583295
48211,0.5808508171640197
48213,0.3706048947324945
48215,0.3004420054443778
48217,0.3591122206014232
48219,0.4824668384614689
48221,0.4790693362395691
48223,0.4499137423844124
48225,0.15398067271296625
48227,0.30976483631441765
48229,0.38407684748411114
48231,0.33316121813618194
48233,0.45551682916793973
48235,0.5809094618340788
48237,0.4352174095503059
48239,0.4487399815505366
48241,0.27209459112421464
48243,0.4580630910882501
48245,0.24248721727592146
48247,0.24308399202295117
48249,0.29481578426017147
48251,0.5824466000564421
48253,0.22855256497381538
48255,0.0709877871489779
48257,0.5440199925350349
48259,0.4588488037484957
48261,0.682797583382743
48263,0.4486824464613677
48265,0.34556029834606466
48267,0.28150368581233765
48269,0.781753664778861
48271,0.21432769092666926
48273,0.3062081303625491
48275,0.28299941019228786
48277,0.32214814743280734
48279,0.41857136641806725
48281,0.4417091072763864
48283,0.18054813691273458
48285,0.4054277544973773
48287,0.43186286890853487
48289,0.38180877276288044
48291,0.3142344134922925
48293,0.35726563841081255
48295,0.5720242517298207
48297,0.32304760657872267
48299,0.21977031918943785
48301,0.2599283244456899
48303,0.3931882217758998
48305,0.43205392803331283
48307,0.36417070167571797
48309,0.35884650099794274
48311,0.38875688500365757
48313,0.3110354508824601
48315,0.14855368624837018
48317,0.5440646461644529
48319,0.3096716964794137
48321,0.27523854784310087
48323,0.2654618593247793
48325,0.3719303802423848
48327,0.16726035077122187
48329,0.5521339250125237
48331,0.29012276568765455
48333,0.3455687871605934
48335,0.3952419287384639
48337,0.3558772822393456
48339,0.5304518214839921
48341,0.7053035603858487
48343,0.2850392657804835
48345,0.47113295949048073
48347,0.27789656155221654
48349,0.3786225718136187
48351,0.2665528939081236
48353,0.3937354638958292
48355,0.39304636705545876
48357,0.58660125848262
48359,0.38278428707001505
48361,0.38953855185476205
48363,0.381356893195286
48365,0.39760020826817416
48367,0.4881388676072576
48369,0.5869748210981869
48371,0.2599658837362774
48373,0.2855604696019906
48375,0.3850859079782752
48377,0.20045529020406094
48379,0.41927529163304617
48381,0.5889737785448156
48383,0.7558628481198381
48385,0.37740656164497716
48387,0.28784267319141094
48389,0.1538833463695436
48391,0.36786354668888405
48393,0.5703882466877079
48395,0.2795211471600595
48397,0.7560545199548893
48399,0.34915074521667194
48401,0.34345751811487796
48403,0.29058834733986794
48405,0.23019330921427542
48407,0.33341595334054946
48409,0.401891107131799
48411,0.34390122221968444
48413,0.3106867523925081
48415,0.3277232917381777
48417,0.42653875250043155
48419,0.3698909339216146
48421,0.6456714365509594
48423,0.4356661576282831
48425,0.39515633216085877
48427,0.2655953294796472
48429,0.3078718862808537
48431,0.48016706206163684
48433,0.2708098566785879
48435,0.6019521427044864
48437,0.28678828791686395
48439,0.5303814267666788
48441,0.4462498197804077
48443,0.3530020325955703
48445,0.4021284506803795
48447,0.3898630546977832
48449,0.5048433369784886
48451,0.4293750524888847
48453,0.4949061291878057
48455,0.45447508594762487
48457,0.30220687457659995
48459,0.40894608052084835
48461,0.36382794298536864
48463,0.3118359192541468
48465,0.36492968977127477
48467,0.38711673226232696
48469,0.4271864858978483
48471,0.17941975781221212
48473,0.42483236774457556
48475,0.31997642630764894
48477,0.40979641594117755
48479,0.35782885412330806
48481,0.35469005347538207
48483,0.42864318141561947
48485,0.42826133427967966
48487,0.4074739428753934
48489,0.030354213118695683
48491,0.7362053967915618
48493,0.5123069476559837
48495,0.4237948484391308
48497,0.5420332699478967
48499,0.3821044562153661
48501,0.5600074192137222
48503,0.35101391899917184
48505,0.31590839483575467
48507,0.08350531108855686
49001,0.5964631672655987
49003,0.7539290752985657
49005,0.7073426484884933
49007,0.3975199677156958
49009,0.4755272192355916
49011,0.8369020714244836
49013,0.6248975664205657
49015,0.7381486611379607
49017,0.5426868879022215
49019,0.5797694643162083
49021,0.5528221827469652
49023,0.7308690405031084
49025,0.6573225175500332
49027,0.5408541002545071
49029,1.0
49031,0.4426234730266718
49033,0.6180765954071699
49035,0.6324663583917017
49037,0.29416479865827494
49039,0.5325524657927643
49041,0.5310951296365454
49043,0.7268037640669788
49045,0.8031429772165799
49047,0.6738968734444851
49049,0.7336587187939966
49051,0.7728725655384527
49053,0.6036343167747177
49055,0.5370321067062348
49057,0.6551577842279027
50001,0.5309683632948908
50003,0.42171897232567973
50005,0.38595488363466957
50007,0.516462157709073
50009,0.4165705761617878
50011,0.5409894445109216
50013,0.6107825118771849
50015,0.5341295483291909
50017,0.5625761454239221
50019,0.3693236772581143
50021,0.42506923729271584
50023,0.5515792235991229
50025,0.4662621507515082
50027,0.42856164010083153
51001,0.30261062400487504
51003,0.48076204686358404
51005,0.3267041734922931
51007,0.5230466787895215
51009,0.4147474938876985
51011,0.3935196196193771
51013,0.661614800420941
51015,0.5508936897114645
51017,0.5317227563913095
51019,0.5882258461181991
51021,0.3463631417900527
51023,0.6263431938152532
51025,0.21990347691580342
51027,0.15439395231834707
51029,0.2532823235911697
51031,0.4419042930590277
51033,0.5265906922647872
51035,0.3969864447733062
51036,0.42625183735238864
51037,0.34563345944637736
51041,0.7046941345288107
51043,0.5872227976754791
51045,0.5787592343517722
51047,0.5552518102477244
51049,0.4269258518457447
51051,0.2241058864936912
51053,0.5211495315518577
51057,0.46560590981497924
51059,0.7404970476219443
51061,0.6638006935248464
51063,0.4819222555315901
51065,0.5965257153262635
51067,0.4269531277669776
51069,0.638077932674287
51071,0.40133158084206944
51073,0.6095325702844762
51075,0.5303857335270011
51077,0.33989077470961554
51079,0.68081014200264
51081,0.24769025292096966
51083,0.27155180978858917
51085,0.6633331587468764
51087,0.5835112169499244
51089,0.36964364294414365
51091,0.4513431689591014
51093,0.4880905279645067
51095,0.5826959940199856
51097,0.6432462744397937
51099,0.6681768586895703
51101,0.7475422219138249
51103,0.2526672556815606
51105,0.20285585438717277
51107,0.9530494889967263
51109,0.5308419337232576
51111,0.23761208504948986
51113,0.4344474021719187
51115,0.44980804751299364
51117,0.2630544968242629
51119,0.3249083523374076
51121,0.3295225705218973
51125,0.39951195770183323
51127,0.7083970118587173
51131,0.13893850165389093
51133,0.40956152191706563
51135,0.2587469611717906
51137,0.4745191423691442
51139,0.37329496884201463
51141,0.3516997648304837
51143,0.39544904451717455
51145,0.5802909583733435
51147,0.21661577361686196
51149,0.6088394799306757
51153,0.808139731183939
51155,0.3711414392243853
51157,0.43903637097098624
51159,0.2294251521128225
51161,0.6070836557251622
51163,0.432721372191085
51165,0.5616363389333359
51167,0.2464380576829426
51169,0.2522632894582165
51171,0.4686936769535961
51173,0.3274562329014435
51175,0.3587648999491527
51177,0.6908330106255224
51179,0.793458912106786
51181,0.45528147134963426
51183,0.20942436063148415
51185,0.23815943997994707
51187,0.4965635778736211
51191,0.41949748628159217
51193,0.41339240777166114
51195,0.18538966121910122
51197,0.41296135840928333
51199,0.7572971666491795
51510,0.628094300606161
51515,0.1096526233970604
51520,0.3376085850892839
51530,0.40118167593062504
51540,0.2548998885298527
51550,0.6161339043651095
51570,0.5732998112256201
51580,0.36598830672909743
51590,0.20163052593613018
51595,0.023452950673809057
51600,0.6097613666362701
51610,0.7714566577210854
51620,0.26175817344803587
51630,0.4204248534317072
51640,0.23203184488044312
51650,0.502205793891913
51660,0.31158061976168633
51670,0.3745878897610771
51678,0.16175279997098982
51680,0.25674039058010323
51683,0.7005840627085442
51685,0.8138156671161322
51690,0.11254379367025605
51700,0.5344037504937891
51710,0.42340396691369986
51720,0.2754244047259615
51730,0.24788037810818933
51735,0.6655055209465303
51740,0.40027946182394797
51750,0.23372182099324784
51760,0.2248829489145477
51770,0.3377159082991
51775,0.4772956103819486
51790,0.2999134034254821
51800,0.5520445957224165
51810,0.6936679524225594
51820,0.3964340278865979
51830,0.454589359613009
51840,0.39192380119680786
53001,0.5767537830707392
53003,0.4255208002556382
53005,0.492171567986331
53007,0.4749813589836519
53009,0.32227083504891335
53011,0.5622162700127706
53013,0.23028854263138132
53015,0.33910537070536223
53017,0.5821472415487154
53019,0.25367082428874954
53021,0.5372229453970496
53023,0.4877902386875581
53025,0.4932111701274185
53027,0.31956227588785097
53029,0.5603369370490288
53031,0.3143987174642868
53033,0.5050077512029604
53035,0.5358305786538213
53037,0.28493441727695923
53039,0.505628098581508
53041,0.3736706294323225
53043,0.41256739099877676
53045,0.3418772768361198
53047,0.3813773426623193
53049,0.26907681902565606
53051,0.2801373051887646
53053,0.5254240600040341
53055,0.464795015676466
53057,0.48845790189149674
53059,0.3655078579552849
53061,0.587088752751206
53063,0.4096665052434887
53065,0.4355940448436927
53067,0.5218359415686012
53069,0.3099931182718403
53071,0.3307300670814657
53073,0.41058996702595857
53075,0.24711699732807338
53077,0.41754733683688694
54001,0.3596029228835516
54003,0.5235797232543757
54005,0.24784383205561678
54007,0.2596652948152036
54009,0.40639471754825185
54011,0.21430043903534465
54013,0.28323349376356266
54015,0.2426428104197335
54017,0.471267206156841
54019,0.23473659552476048
54021,0.18294964768946426
54023,0.4664080857687711
54025,0.28329144907406273
54027,0.31068475991481087
54029,0.39417125686226234
54031,0.5134683510900795
54033,0.3414603542751905
54035,0.3644649018662324
54037,0.5752154300320456
54039,0.38185335229232187
54041,0.3202585500059796
54043,0.3045678810694881
54045,0.23071879807314571
54047,0.07688448085919534
54049,0.3749341190434409
54051,0.4071043141771825
54053,0.34222874432257055
54055,0.28256774401253243
54057,0.3404336123161564
54059,0.1661046444346764
54061,0.22104359139203197
54063,0.5011175767843927
54065,0.32405560358869573
54067,0.309028951112891
54069,0.3263867109275256
54071,0.22154333740779053
54073,0.3244681529360484
54075,0.40450279451386667
54077,0.39333958284186804
54079,0.5394685855415144
54081,0.2572616688571526
54083,0.30728883765607184
54085,0.3350577062420905
54087,0.2661502724601262
54089,0.17052221358135228
54091,0.2985556997709409
54093,0.2217803195657534
54095,0.3362171718470252
54097,0.3784511741596197
54099,0.30882217879425466
54101,0.21902937472323863
54103,0.306199982444859
54105,0.40862366100468167
54107,0.3941837090733573
54109,0.2169039471780855
55001,0.43457208005272757
55003,0.39463574125172374
55005,0.49932727385090264
55007,0.44003222671602
55009,0.5526080644735709
55011,0.48637091568709484
55013,0.40959677372067826
55015,0.7702273951661358
55017,0.5244067532112234
55019,0.5548237387979564
55021,0.6177317680438469
55023,0.4252199755062069
55025,0.5683020094942423
55027,0.5569131144215183
55029,0.5242813676579917
55031,0.4924535546438975
55033,0.5037778078452418
55035,0.4722981979956329
55037,0.46188535600580144
55039,0.5654005061156264
55041,0.39347770037461166
55043,0.5061148518283939
55045,0.5752837244262196
55047,0.5267231083575208
55049,0.6009681602038106
55051,0.2982115831686663
55053,0.44866350699332774
55055,0.5854063377054322
55057,0.42223889635295747
55059,0.4690372346369385
55061,0.5519625213813527
55063,0.5142839478939479
55065,0.6134439008496346
55067,0.42159552123495325
55069,0.45288475760368946
55071,0.5491242163384711
55073,0.5662482545838309
55075,0.3952679668514955
55077,0.48492238308969693
55078,0.36129018350079556
55079,0.3559363285016983
55081,0.5660559187608688
55083,0.5358417991919966
55085,0.43157336730404294
55087,0.6407590730906138
55089,0.6308108480680945
55091,0.48176611153273385
55093,0.6230172102994149
55095,0.5552241620335956
55097,0.5200924601151903
55099,0.398569701435726
55101,0.44684507224855513
55103,0.49588958234531205
55105,0.5014426121935452
55107,0.42582161261260976
55109,0.7297356405482196
55111,0.5549898626196219
55113,0.40452265968695106
55115,0.5359783012356264
55117,0.5600206339577709
55119,0.4896677977580804
55121,0.5502924724861337
55123,0.5094463108817682
55125,0.3847680874015266
55127,0.5464892058862607
55129,0.40327379787499623
55131,0.694036480905553
55133,0.6501598330622758
55135,0.5312006103375035
55137,0.42763983951783513
55139,0.5066703355289974
55141,0.527935437244056
56001,0.3795860576878816
56003,0.5604912279933351
56005,0.9024032731055852
56007,0.5593939553671428
56009,0.6626436629811397
56011,0.7764700127759142
56013,0.4606699318475728
56015,0.4878533924652153
56017,0.5335251701211028
56019,0.567043323831437
56021,0.5995548859638862
56023,0.7254464388052383
56025,0.5808808618772314
56027,0.32876326984326915
56029,0.6108441118993616
56031,0.4403485076311755
56033,0.5552691959023138
56035,0.7912769223050715
56037,0.6723574244354377
56039,0.6953712311857942
56041,0.5581772081555711
56043,0.48579419675160457
56045,0.5009247221543323
